,left,right,comp
0,../../saved_models/vgg19/004/nearest_images_100/884/,../../saved_models/vgg19/004/nearest_images_100/930/,-1
1,../../saved_models/vgg19/004/nearest_images_100/734/,../../saved_models/vgg19/004/nearest_images_100/458/,1
2,../../saved_models/vgg19/004/nearest_images_100/36/,../../saved_models/vgg19/004/nearest_images_100/527/,-1
3,../../saved_models/vgg19/004/nearest_images_100/567/,../../saved_models/vgg19/004/nearest_images_100/173/,0
4,../../saved_models/vgg19/004/nearest_images_100/351/,../../saved_models/vgg19/004/nearest_images_100/84/,0
5,../../saved_models/vgg19/004/nearest_images_100/881/,../../saved_models/vgg19/004/nearest_images_100/531/,0
6,../../saved_models/vgg19/004/nearest_images_100/12/,../../saved_models/vgg19/004/nearest_images_100/811/,0
7,../../saved_models/vgg19/004/nearest_images_100/728/,../../saved_models/vgg19/004/nearest_images_100/200/,-1
8,../../saved_models/vgg19/004/nearest_images_100/998/,../../saved_models/vgg19/004/nearest_images_100/600/,-1
9,../../saved_models/vgg19/004/nearest_images_100/354/,../../saved_models/vgg19/004/nearest_images_100/159/,1
10,../../saved_models/vgg19/004/nearest_images_100/506/,../../saved_models/vgg19/004/nearest_images_100/655/,-1
11,../../saved_models/vgg19/004/nearest_images_100/399/,../../saved_models/vgg19/004/nearest_images_100/935/,-1
12,../../saved_models/vgg19/004/nearest_images_100/982/,../../saved_models/vgg19/004/nearest_images_100/141/,1
13,../../saved_models/vgg19/004/nearest_images_100/132/,../../saved_models/vgg19/004/nearest_images_100/637/,1
14,../../saved_models/vgg19/004/nearest_images_100/622/,../../saved_models/vgg19/004/nearest_images_100/940/,0
15,../../saved_models/vgg19/004/nearest_images_100/164/,../../saved_models/vgg19/004/nearest_images_100/190/,0
16,../../saved_models/vgg19/004/nearest_images_100/117/,../../saved_models/vgg19/004/nearest_images_100/565/,1
17,../../saved_models/vgg19/004/nearest_images_100/938/,../../saved_models/vgg19/004/nearest_images_100/265/,1
18,../../saved_models/vgg19/004/nearest_images_100/86/,../../saved_models/vgg19/004/nearest_images_100/220/,-1
19,../../saved_models/vgg19/004/nearest_images_100/1/,../../saved_models/vgg19/004/nearest_images_100/681/,1
20,../../saved_models/vgg19/004/nearest_images_100/508/,../../saved_models/vgg19/004/nearest_images_100/329/,1
21,../../saved_models/vgg19/004/nearest_images_100/705/,../../saved_models/vgg19/004/nearest_images_100/116/,-1
22,../../saved_models/vgg19/004/nearest_images_100/714/,../../saved_models/vgg19/004/nearest_images_100/290/,-1
23,../../saved_models/vgg19/004/nearest_images_100/532/,../../saved_models/vgg19/004/nearest_images_100/432/,1
24,../../saved_models/vgg19/004/nearest_images_100/199/,../../saved_models/vgg19/004/nearest_images_100/780/,0
25,../../saved_models/vgg19/004/nearest_images_100/720/,../../saved_models/vgg19/004/nearest_images_100/330/,1
26,../../saved_models/vgg19/004/nearest_images_100/462/,../../saved_models/vgg19/004/nearest_images_100/152/,-1
27,../../saved_models/vgg19/004/nearest_images_100/426/,../../saved_models/vgg19/004/nearest_images_100/552/,1
28,../../saved_models/vgg19/004/nearest_images_100/854/,../../saved_models/vgg19/004/nearest_images_100/956/,1
29,../../saved_models/vgg19/004/nearest_images_100/443/,../../saved_models/vgg19/004/nearest_images_100/721/,0
30,../../saved_models/vgg19/004/nearest_images_100/465/,../../saved_models/vgg19/004/nearest_images_100/470/,-1
31,../../saved_models/vgg19/004/nearest_images_100/225/,../../saved_models/vgg19/004/nearest_images_100/102/,-1
32,../../saved_models/vgg19/004/nearest_images_100/588/,../../saved_models/vgg19/004/nearest_images_100/0/,0
33,../../saved_models/vgg19/004/nearest_images_100/872/,../../saved_models/vgg19/004/nearest_images_100/287/,-1
34,../../saved_models/vgg19/004/nearest_images_100/543/,../../saved_models/vgg19/004/nearest_images_100/136/,1
35,../../saved_models/vgg19/004/nearest_images_100/89/,../../saved_models/vgg19/004/nearest_images_100/186/,-1
36,../../saved_models/vgg19/004/nearest_images_100/859/,../../saved_models/vgg19/004/nearest_images_100/609/,0
37,../../saved_models/vgg19/004/nearest_images_100/267/,../../saved_models/vgg19/004/nearest_images_100/361/,1
38,../../saved_models/vgg19/004/nearest_images_100/566/,../../saved_models/vgg19/004/nearest_images_100/594/,-1
39,../../saved_models/vgg19/004/nearest_images_100/295/,../../saved_models/vgg19/004/nearest_images_100/576/,1
40,../../saved_models/vgg19/004/nearest_images_100/784/,../../saved_models/vgg19/004/nearest_images_100/282/,0
41,../../saved_models/vgg19/004/nearest_images_100/61/,../../saved_models/vgg19/004/nearest_images_100/5/,-1
42,../../saved_models/vgg19/004/nearest_images_100/745/,../../saved_models/vgg19/004/nearest_images_100/189/,0
43,../../saved_models/vgg19/004/nearest_images_100/350/,../../saved_models/vgg19/004/nearest_images_100/777/,1
44,../../saved_models/vgg19/004/nearest_images_100/728/,../../saved_models/vgg19/004/nearest_images_100/540/,0
45,../../saved_models/vgg19/004/nearest_images_100/631/,../../saved_models/vgg19/004/nearest_images_100/331/,-1
46,../../saved_models/vgg19/004/nearest_images_100/736/,../../saved_models/vgg19/004/nearest_images_100/427/,1
47,../../saved_models/vgg19/004/nearest_images_100/911/,../../saved_models/vgg19/004/nearest_images_100/233/,0
48,../../saved_models/vgg19/004/nearest_images_100/934/,../../saved_models/vgg19/004/nearest_images_100/667/,0
49,../../saved_models/vgg19/004/nearest_images_100/491/,../../saved_models/vgg19/004/nearest_images_100/89/,1
50,../../saved_models/vgg19/004/nearest_images_100/485/,../../saved_models/vgg19/004/nearest_images_100/317/,1
51,../../saved_models/vgg19/004/nearest_images_100/619/,../../saved_models/vgg19/004/nearest_images_100/259/,1
52,../../saved_models/vgg19/004/nearest_images_100/922/,../../saved_models/vgg19/004/nearest_images_100/692/,0
53,../../saved_models/vgg19/004/nearest_images_100/708/,../../saved_models/vgg19/004/nearest_images_100/416/,-1
54,../../saved_models/vgg19/004/nearest_images_100/675/,../../saved_models/vgg19/004/nearest_images_100/97/,1
55,../../saved_models/vgg19/004/nearest_images_100/622/,../../saved_models/vgg19/004/nearest_images_100/572/,0
56,../../saved_models/vgg19/004/nearest_images_100/335/,../../saved_models/vgg19/004/nearest_images_100/202/,-1
57,../../saved_models/vgg19/004/nearest_images_100/479/,../../saved_models/vgg19/004/nearest_images_100/582/,1
58,../../saved_models/vgg19/004/nearest_images_100/232/,../../saved_models/vgg19/004/nearest_images_100/93/,-1
59,../../saved_models/vgg19/004/nearest_images_100/285/,../../saved_models/vgg19/004/nearest_images_100/449/,0
60,../../saved_models/vgg19/004/nearest_images_100/237/,../../saved_models/vgg19/004/nearest_images_100/865/,1
61,../../saved_models/vgg19/004/nearest_images_100/472/,../../saved_models/vgg19/004/nearest_images_100/557/,-1
62,../../saved_models/vgg19/004/nearest_images_100/210/,../../saved_models/vgg19/004/nearest_images_100/256/,1
63,../../saved_models/vgg19/004/nearest_images_100/945/,../../saved_models/vgg19/004/nearest_images_100/665/,-1
64,../../saved_models/vgg19/004/nearest_images_100/242/,../../saved_models/vgg19/004/nearest_images_100/731/,-1
65,../../saved_models/vgg19/004/nearest_images_100/970/,../../saved_models/vgg19/004/nearest_images_100/177/,-1
66,../../saved_models/vgg19/004/nearest_images_100/105/,../../saved_models/vgg19/004/nearest_images_100/721/,1
67,../../saved_models/vgg19/004/nearest_images_100/704/,../../saved_models/vgg19/004/nearest_images_100/744/,0
68,../../saved_models/vgg19/004/nearest_images_100/830/,../../saved_models/vgg19/004/nearest_images_100/143/,0
69,../../saved_models/vgg19/004/nearest_images_100/220/,../../saved_models/vgg19/004/nearest_images_100/944/,0
70,../../saved_models/vgg19/004/nearest_images_100/623/,../../saved_models/vgg19/004/nearest_images_100/765/,-1
71,../../saved_models/vgg19/004/nearest_images_100/868/,../../saved_models/vgg19/004/nearest_images_100/823/,0
72,../../saved_models/vgg19/004/nearest_images_100/862/,../../saved_models/vgg19/004/nearest_images_100/190/,-1
73,../../saved_models/vgg19/004/nearest_images_100/224/,../../saved_models/vgg19/004/nearest_images_100/483/,-1
74,../../saved_models/vgg19/004/nearest_images_100/655/,../../saved_models/vgg19/004/nearest_images_100/707/,-1
75,../../saved_models/vgg19/004/nearest_images_100/755/,../../saved_models/vgg19/004/nearest_images_100/765/,1
76,../../saved_models/vgg19/004/nearest_images_100/696/,../../saved_models/vgg19/004/nearest_images_100/110/,-1
77,../../saved_models/vgg19/004/nearest_images_100/436/,../../saved_models/vgg19/004/nearest_images_100/27/,0
78,../../saved_models/vgg19/004/nearest_images_100/907/,../../saved_models/vgg19/004/nearest_images_100/535/,0
79,../../saved_models/vgg19/004/nearest_images_100/151/,../../saved_models/vgg19/004/nearest_images_100/852/,1
80,../../saved_models/vgg19/004/nearest_images_100/678/,../../saved_models/vgg19/004/nearest_images_100/138/,1
81,../../saved_models/vgg19/004/nearest_images_100/550/,../../saved_models/vgg19/004/nearest_images_100/388/,1
82,../../saved_models/vgg19/004/nearest_images_100/551/,../../saved_models/vgg19/004/nearest_images_100/140/,2
83,../../saved_models/vgg19/004/nearest_images_100/736/,../../saved_models/vgg19/004/nearest_images_100/409/,1
84,../../saved_models/vgg19/004/nearest_images_100/493/,../../saved_models/vgg19/004/nearest_images_100/24/,-1
85,../../saved_models/vgg19/004/nearest_images_100/235/,../../saved_models/vgg19/004/nearest_images_100/70/,0
86,../../saved_models/vgg19/004/nearest_images_100/80/,../../saved_models/vgg19/004/nearest_images_100/399/,-1
87,../../saved_models/vgg19/004/nearest_images_100/146/,../../saved_models/vgg19/004/nearest_images_100/179/,1
88,../../saved_models/vgg19/004/nearest_images_100/887/,../../saved_models/vgg19/004/nearest_images_100/178/,0
89,../../saved_models/vgg19/004/nearest_images_100/753/,../../saved_models/vgg19/004/nearest_images_100/697/,1
90,../../saved_models/vgg19/004/nearest_images_100/471/,../../saved_models/vgg19/004/nearest_images_100/579/,0
91,../../saved_models/vgg19/004/nearest_images_100/618/,../../saved_models/vgg19/004/nearest_images_100/857/,0
92,../../saved_models/vgg19/004/nearest_images_100/983/,../../saved_models/vgg19/004/nearest_images_100/251/,1
93,../../saved_models/vgg19/004/nearest_images_100/305/,../../saved_models/vgg19/004/nearest_images_100/321/,1
94,../../saved_models/vgg19/004/nearest_images_100/828/,../../saved_models/vgg19/004/nearest_images_100/988/,-1
95,../../saved_models/vgg19/004/nearest_images_100/790/,../../saved_models/vgg19/004/nearest_images_100/462/,0
96,../../saved_models/vgg19/004/nearest_images_100/62/,../../saved_models/vgg19/004/nearest_images_100/165/,1
97,../../saved_models/vgg19/004/nearest_images_100/691/,../../saved_models/vgg19/004/nearest_images_100/689/,-1
98,../../saved_models/vgg19/004/nearest_images_100/398/,../../saved_models/vgg19/004/nearest_images_100/772/,-1
99,../../saved_models/vgg19/004/nearest_images_100/564/,../../saved_models/vgg19/004/nearest_images_100/509/,-1
100,../../saved_models/vgg19/004/nearest_images_100/406/,../../saved_models/vgg19/004/nearest_images_100/20/,-1
101,../../saved_models/vgg19/004/nearest_images_100/252/,../../saved_models/vgg19/004/nearest_images_100/242/,-1
102,../../saved_models/vgg19/004/nearest_images_100/549/,../../saved_models/vgg19/004/nearest_images_100/167/,-1
103,../../saved_models/vgg19/004/nearest_images_100/126/,../../saved_models/vgg19/004/nearest_images_100/243/,-1
104,../../saved_models/vgg19/004/nearest_images_100/651/,../../saved_models/vgg19/004/nearest_images_100/555/,-1
105,../../saved_models/vgg19/004/nearest_images_100/685/,../../saved_models/vgg19/004/nearest_images_100/694/,0
106,../../saved_models/vgg19/004/nearest_images_100/169/,../../saved_models/vgg19/004/nearest_images_100/728/,0
107,../../saved_models/vgg19/004/nearest_images_100/255/,../../saved_models/vgg19/004/nearest_images_100/954/,-1
108,../../saved_models/vgg19/004/nearest_images_100/822/,../../saved_models/vgg19/004/nearest_images_100/728/,0
109,../../saved_models/vgg19/004/nearest_images_100/920/,../../saved_models/vgg19/004/nearest_images_100/195/,-1
110,../../saved_models/vgg19/004/nearest_images_100/1/,../../saved_models/vgg19/004/nearest_images_100/861/,0
111,../../saved_models/vgg19/004/nearest_images_100/183/,../../saved_models/vgg19/004/nearest_images_100/474/,1
112,../../saved_models/vgg19/004/nearest_images_100/410/,../../saved_models/vgg19/004/nearest_images_100/886/,1
113,../../saved_models/vgg19/004/nearest_images_100/173/,../../saved_models/vgg19/004/nearest_images_100/632/,1
114,../../saved_models/vgg19/004/nearest_images_100/795/,../../saved_models/vgg19/004/nearest_images_100/941/,1
115,../../saved_models/vgg19/004/nearest_images_100/252/,../../saved_models/vgg19/004/nearest_images_100/458/,1
116,../../saved_models/vgg19/004/nearest_images_100/985/,../../saved_models/vgg19/004/nearest_images_100/78/,-1
117,../../saved_models/vgg19/004/nearest_images_100/605/,../../saved_models/vgg19/004/nearest_images_100/993/,1
118,../../saved_models/vgg19/004/nearest_images_100/159/,../../saved_models/vgg19/004/nearest_images_100/300/,0
119,../../saved_models/vgg19/004/nearest_images_100/600/,../../saved_models/vgg19/004/nearest_images_100/961/,1
120,../../saved_models/vgg19/004/nearest_images_100/921/,../../saved_models/vgg19/004/nearest_images_100/106/,1
121,../../saved_models/vgg19/004/nearest_images_100/524/,../../saved_models/vgg19/004/nearest_images_100/963/,1
122,../../saved_models/vgg19/004/nearest_images_100/971/,../../saved_models/vgg19/004/nearest_images_100/782/,-1
123,../../saved_models/vgg19/004/nearest_images_100/91/,../../saved_models/vgg19/004/nearest_images_100/63/,-1
124,../../saved_models/vgg19/004/nearest_images_100/747/,../../saved_models/vgg19/004/nearest_images_100/397/,-1
125,../../saved_models/vgg19/004/nearest_images_100/764/,../../saved_models/vgg19/004/nearest_images_100/12/,-1
126,../../saved_models/vgg19/004/nearest_images_100/136/,../../saved_models/vgg19/004/nearest_images_100/23/,-1
127,../../saved_models/vgg19/004/nearest_images_100/322/,../../saved_models/vgg19/004/nearest_images_100/599/,1
128,../../saved_models/vgg19/004/nearest_images_100/616/,../../saved_models/vgg19/004/nearest_images_100/21/,-1
129,../../saved_models/vgg19/004/nearest_images_100/707/,../../saved_models/vgg19/004/nearest_images_100/926/,-1
130,../../saved_models/vgg19/004/nearest_images_100/174/,../../saved_models/vgg19/004/nearest_images_100/869/,-1
131,../../saved_models/vgg19/004/nearest_images_100/107/,../../saved_models/vgg19/004/nearest_images_100/429/,-1
132,../../saved_models/vgg19/004/nearest_images_100/73/,../../saved_models/vgg19/004/nearest_images_100/598/,0
133,../../saved_models/vgg19/004/nearest_images_100/519/,../../saved_models/vgg19/004/nearest_images_100/41/,0
134,../../saved_models/vgg19/004/nearest_images_100/127/,../../saved_models/vgg19/004/nearest_images_100/353/,-1
135,../../saved_models/vgg19/004/nearest_images_100/87/,../../saved_models/vgg19/004/nearest_images_100/460/,-1
136,../../saved_models/vgg19/004/nearest_images_100/863/,../../saved_models/vgg19/004/nearest_images_100/445/,0
137,../../saved_models/vgg19/004/nearest_images_100/926/,../../saved_models/vgg19/004/nearest_images_100/381/,1
138,../../saved_models/vgg19/004/nearest_images_100/965/,../../saved_models/vgg19/004/nearest_images_100/479/,-1
139,../../saved_models/vgg19/004/nearest_images_100/99/,../../saved_models/vgg19/004/nearest_images_100/653/,1
140,../../saved_models/vgg19/004/nearest_images_100/536/,../../saved_models/vgg19/004/nearest_images_100/972/,-1
141,../../saved_models/vgg19/004/nearest_images_100/706/,../../saved_models/vgg19/004/nearest_images_100/790/,1
142,../../saved_models/vgg19/004/nearest_images_100/937/,../../saved_models/vgg19/004/nearest_images_100/355/,-1
143,../../saved_models/vgg19/004/nearest_images_100/77/,../../saved_models/vgg19/004/nearest_images_100/531/,0
144,../../saved_models/vgg19/004/nearest_images_100/516/,../../saved_models/vgg19/004/nearest_images_100/678/,0
145,../../saved_models/vgg19/004/nearest_images_100/64/,../../saved_models/vgg19/004/nearest_images_100/418/,0
146,../../saved_models/vgg19/004/nearest_images_100/133/,../../saved_models/vgg19/004/nearest_images_100/760/,1
147,../../saved_models/vgg19/004/nearest_images_100/264/,../../saved_models/vgg19/004/nearest_images_100/34/,-1
148,../../saved_models/vgg19/004/nearest_images_100/638/,../../saved_models/vgg19/004/nearest_images_100/82/,0
149,../../saved_models/vgg19/004/nearest_images_100/363/,../../saved_models/vgg19/004/nearest_images_100/110/,-1
150,../../saved_models/vgg19/004/nearest_images_100/965/,../../saved_models/vgg19/004/nearest_images_100/217/,0
151,../../saved_models/vgg19/004/nearest_images_100/936/,../../saved_models/vgg19/004/nearest_images_100/692/,1
152,../../saved_models/vgg19/004/nearest_images_100/231/,../../saved_models/vgg19/004/nearest_images_100/439/,0
153,../../saved_models/vgg19/004/nearest_images_100/742/,../../saved_models/vgg19/004/nearest_images_100/689/,-1
154,../../saved_models/vgg19/004/nearest_images_100/80/,../../saved_models/vgg19/004/nearest_images_100/21/,0
155,../../saved_models/vgg19/004/nearest_images_100/675/,../../saved_models/vgg19/004/nearest_images_100/120/,1
156,../../saved_models/vgg19/004/nearest_images_100/989/,../../saved_models/vgg19/004/nearest_images_100/573/,1
157,../../saved_models/vgg19/004/nearest_images_100/323/,../../saved_models/vgg19/004/nearest_images_100/220/,1
158,../../saved_models/vgg19/004/nearest_images_100/298/,../../saved_models/vgg19/004/nearest_images_100/389/,0
159,../../saved_models/vgg19/004/nearest_images_100/802/,../../saved_models/vgg19/004/nearest_images_100/304/,1
160,../../saved_models/vgg19/004/nearest_images_100/21/,../../saved_models/vgg19/004/nearest_images_100/22/,-1
161,../../saved_models/vgg19/004/nearest_images_100/284/,../../saved_models/vgg19/004/nearest_images_100/479/,0
162,../../saved_models/vgg19/004/nearest_images_100/533/,../../saved_models/vgg19/004/nearest_images_100/170/,0
163,../../saved_models/vgg19/004/nearest_images_100/943/,../../saved_models/vgg19/004/nearest_images_100/382/,-1
164,../../saved_models/vgg19/004/nearest_images_100/248/,../../saved_models/vgg19/004/nearest_images_100/422/,-1
165,../../saved_models/vgg19/004/nearest_images_100/415/,../../saved_models/vgg19/004/nearest_images_100/585/,-1
166,../../saved_models/vgg19/004/nearest_images_100/930/,../../saved_models/vgg19/004/nearest_images_100/754/,1
167,../../saved_models/vgg19/004/nearest_images_100/31/,../../saved_models/vgg19/004/nearest_images_100/12/,-1
168,../../saved_models/vgg19/004/nearest_images_100/128/,../../saved_models/vgg19/004/nearest_images_100/913/,1
169,../../saved_models/vgg19/004/nearest_images_100/44/,../../saved_models/vgg19/004/nearest_images_100/641/,-1
170,../../saved_models/vgg19/004/nearest_images_100/132/,../../saved_models/vgg19/004/nearest_images_100/445/,1
171,../../saved_models/vgg19/004/nearest_images_100/161/,../../saved_models/vgg19/004/nearest_images_100/496/,1
172,../../saved_models/vgg19/004/nearest_images_100/333/,../../saved_models/vgg19/004/nearest_images_100/336/,-1
173,../../saved_models/vgg19/004/nearest_images_100/179/,../../saved_models/vgg19/004/nearest_images_100/863/,0
174,../../saved_models/vgg19/004/nearest_images_100/832/,../../saved_models/vgg19/004/nearest_images_100/830/,0
175,../../saved_models/vgg19/004/nearest_images_100/86/,../../saved_models/vgg19/004/nearest_images_100/670/,-1
176,../../saved_models/vgg19/004/nearest_images_100/146/,../../saved_models/vgg19/004/nearest_images_100/265/,1
177,../../saved_models/vgg19/004/nearest_images_100/159/,../../saved_models/vgg19/004/nearest_images_100/557/,-1
178,../../saved_models/vgg19/004/nearest_images_100/68/,../../saved_models/vgg19/004/nearest_images_100/337/,0
179,../../saved_models/vgg19/004/nearest_images_100/762/,../../saved_models/vgg19/004/nearest_images_100/682/,1
180,../../saved_models/vgg19/004/nearest_images_100/699/,../../saved_models/vgg19/004/nearest_images_100/437/,-1
181,../../saved_models/vgg19/004/nearest_images_100/709/,../../saved_models/vgg19/004/nearest_images_100/960/,1
182,../../saved_models/vgg19/004/nearest_images_100/590/,../../saved_models/vgg19/004/nearest_images_100/851/,1
183,../../saved_models/vgg19/004/nearest_images_100/29/,../../saved_models/vgg19/004/nearest_images_100/411/,-1
184,../../saved_models/vgg19/004/nearest_images_100/435/,../../saved_models/vgg19/004/nearest_images_100/327/,1
185,../../saved_models/vgg19/004/nearest_images_100/658/,../../saved_models/vgg19/004/nearest_images_100/542/,0
186,../../saved_models/vgg19/004/nearest_images_100/504/,../../saved_models/vgg19/004/nearest_images_100/714/,0
187,../../saved_models/vgg19/004/nearest_images_100/875/,../../saved_models/vgg19/004/nearest_images_100/995/,-1
188,../../saved_models/vgg19/004/nearest_images_100/916/,../../saved_models/vgg19/004/nearest_images_100/793/,1
189,../../saved_models/vgg19/004/nearest_images_100/426/,../../saved_models/vgg19/004/nearest_images_100/772/,-1
190,../../saved_models/vgg19/004/nearest_images_100/371/,../../saved_models/vgg19/004/nearest_images_100/144/,-1
191,../../saved_models/vgg19/004/nearest_images_100/781/,../../saved_models/vgg19/004/nearest_images_100/575/,1
192,../../saved_models/vgg19/004/nearest_images_100/414/,../../saved_models/vgg19/004/nearest_images_100/496/,1
193,../../saved_models/vgg19/004/nearest_images_100/231/,../../saved_models/vgg19/004/nearest_images_100/802/,-1
194,../../saved_models/vgg19/004/nearest_images_100/787/,../../saved_models/vgg19/004/nearest_images_100/617/,1
195,../../saved_models/vgg19/004/nearest_images_100/805/,../../saved_models/vgg19/004/nearest_images_100/24/,1
196,../../saved_models/vgg19/004/nearest_images_100/618/,../../saved_models/vgg19/004/nearest_images_100/372/,-1
197,../../saved_models/vgg19/004/nearest_images_100/837/,../../saved_models/vgg19/004/nearest_images_100/223/,-1
198,../../saved_models/vgg19/004/nearest_images_100/713/,../../saved_models/vgg19/004/nearest_images_100/88/,1
199,../../saved_models/vgg19/004/nearest_images_100/617/,../../saved_models/vgg19/004/nearest_images_100/115/,-1
200,../../saved_models/vgg19/004/nearest_images_100/9/,../../saved_models/vgg19/004/nearest_images_100/852/,1
201,../../saved_models/vgg19/004/nearest_images_100/157/,../../saved_models/vgg19/004/nearest_images_100/726/,0
202,../../saved_models/vgg19/004/nearest_images_100/103/,../../saved_models/vgg19/004/nearest_images_100/312/,0
203,../../saved_models/vgg19/004/nearest_images_100/457/,../../saved_models/vgg19/004/nearest_images_100/704/,1
204,../../saved_models/vgg19/004/nearest_images_100/154/,../../saved_models/vgg19/004/nearest_images_100/160/,-1
205,../../saved_models/vgg19/004/nearest_images_100/71/,../../saved_models/vgg19/004/nearest_images_100/731/,-1
206,../../saved_models/vgg19/004/nearest_images_100/787/,../../saved_models/vgg19/004/nearest_images_100/113/,0
207,../../saved_models/vgg19/004/nearest_images_100/674/,../../saved_models/vgg19/004/nearest_images_100/80/,-1
208,../../saved_models/vgg19/004/nearest_images_100/83/,../../saved_models/vgg19/004/nearest_images_100/330/,1
209,../../saved_models/vgg19/004/nearest_images_100/579/,../../saved_models/vgg19/004/nearest_images_100/812/,0
210,../../saved_models/vgg19/004/nearest_images_100/618/,../../saved_models/vgg19/004/nearest_images_100/276/,-1
211,../../saved_models/vgg19/004/nearest_images_100/158/,../../saved_models/vgg19/004/nearest_images_100/307/,1
212,../../saved_models/vgg19/004/nearest_images_100/875/,../../saved_models/vgg19/004/nearest_images_100/421/,-1
213,../../saved_models/vgg19/004/nearest_images_100/176/,../../saved_models/vgg19/004/nearest_images_100/506/,-1
214,../../saved_models/vgg19/004/nearest_images_100/635/,../../saved_models/vgg19/004/nearest_images_100/653/,1
215,../../saved_models/vgg19/004/nearest_images_100/296/,../../saved_models/vgg19/004/nearest_images_100/972/,1
216,../../saved_models/vgg19/004/nearest_images_100/640/,../../saved_models/vgg19/004/nearest_images_100/751/,0
217,../../saved_models/vgg19/004/nearest_images_100/109/,../../saved_models/vgg19/004/nearest_images_100/365/,-1
218,../../saved_models/vgg19/004/nearest_images_100/758/,../../saved_models/vgg19/004/nearest_images_100/418/,-1
219,../../saved_models/vgg19/004/nearest_images_100/917/,../../saved_models/vgg19/004/nearest_images_100/111/,-1
220,../../saved_models/vgg19/004/nearest_images_100/879/,../../saved_models/vgg19/004/nearest_images_100/871/,-1
221,../../saved_models/vgg19/004/nearest_images_100/539/,../../saved_models/vgg19/004/nearest_images_100/930/,-1
222,../../saved_models/vgg19/004/nearest_images_100/768/,../../saved_models/vgg19/004/nearest_images_100/648/,1
223,../../saved_models/vgg19/004/nearest_images_100/574/,../../saved_models/vgg19/004/nearest_images_100/317/,0
224,../../saved_models/vgg19/004/nearest_images_100/949/,../../saved_models/vgg19/004/nearest_images_100/915/,-1
225,../../saved_models/vgg19/004/nearest_images_100/688/,../../saved_models/vgg19/004/nearest_images_100/666/,1
226,../../saved_models/vgg19/004/nearest_images_100/111/,../../saved_models/vgg19/004/nearest_images_100/788/,1
227,../../saved_models/vgg19/004/nearest_images_100/862/,../../saved_models/vgg19/004/nearest_images_100/38/,-1
228,../../saved_models/vgg19/004/nearest_images_100/258/,../../saved_models/vgg19/004/nearest_images_100/595/,-1
229,../../saved_models/vgg19/004/nearest_images_100/422/,../../saved_models/vgg19/004/nearest_images_100/475/,1
230,../../saved_models/vgg19/004/nearest_images_100/522/,../../saved_models/vgg19/004/nearest_images_100/172/,-1
231,../../saved_models/vgg19/004/nearest_images_100/297/,../../saved_models/vgg19/004/nearest_images_100/977/,-1
232,../../saved_models/vgg19/004/nearest_images_100/34/,../../saved_models/vgg19/004/nearest_images_100/954/,0
233,../../saved_models/vgg19/004/nearest_images_100/66/,../../saved_models/vgg19/004/nearest_images_100/822/,1
234,../../saved_models/vgg19/004/nearest_images_100/197/,../../saved_models/vgg19/004/nearest_images_100/486/,1
235,../../saved_models/vgg19/004/nearest_images_100/638/,../../saved_models/vgg19/004/nearest_images_100/484/,-1
236,../../saved_models/vgg19/004/nearest_images_100/567/,../../saved_models/vgg19/004/nearest_images_100/237/,-1
237,../../saved_models/vgg19/004/nearest_images_100/495/,../../saved_models/vgg19/004/nearest_images_100/918/,0
238,../../saved_models/vgg19/004/nearest_images_100/125/,../../saved_models/vgg19/004/nearest_images_100/376/,0
239,../../saved_models/vgg19/004/nearest_images_100/25/,../../saved_models/vgg19/004/nearest_images_100/327/,-1
240,../../saved_models/vgg19/004/nearest_images_100/12/,../../saved_models/vgg19/004/nearest_images_100/899/,1
241,../../saved_models/vgg19/004/nearest_images_100/432/,../../saved_models/vgg19/004/nearest_images_100/494/,-1
242,../../saved_models/vgg19/004/nearest_images_100/717/,../../saved_models/vgg19/004/nearest_images_100/38/,-1
243,../../saved_models/vgg19/004/nearest_images_100/70/,../../saved_models/vgg19/004/nearest_images_100/516/,-1
244,../../saved_models/vgg19/004/nearest_images_100/460/,../../saved_models/vgg19/004/nearest_images_100/757/,1
245,../../saved_models/vgg19/004/nearest_images_100/676/,../../saved_models/vgg19/004/nearest_images_100/944/,-1
246,../../saved_models/vgg19/004/nearest_images_100/867/,../../saved_models/vgg19/004/nearest_images_100/385/,-1
247,../../saved_models/vgg19/004/nearest_images_100/399/,../../saved_models/vgg19/004/nearest_images_100/70/,1
248,../../saved_models/vgg19/004/nearest_images_100/184/,../../saved_models/vgg19/004/nearest_images_100/45/,1
249,../../saved_models/vgg19/004/nearest_images_100/699/,../../saved_models/vgg19/004/nearest_images_100/197/,-1
250,../../saved_models/vgg19/004/nearest_images_100/260/,../../saved_models/vgg19/004/nearest_images_100/39/,1
251,../../saved_models/vgg19/004/nearest_images_100/662/,../../saved_models/vgg19/004/nearest_images_100/647/,0
252,../../saved_models/vgg19/004/nearest_images_100/726/,../../saved_models/vgg19/004/nearest_images_100/971/,1
253,../../saved_models/vgg19/004/nearest_images_100/319/,../../saved_models/vgg19/004/nearest_images_100/373/,1
254,../../saved_models/vgg19/004/nearest_images_100/172/,../../saved_models/vgg19/004/nearest_images_100/679/,0
255,../../saved_models/vgg19/004/nearest_images_100/591/,../../saved_models/vgg19/004/nearest_images_100/643/,1
256,../../saved_models/vgg19/004/nearest_images_100/902/,../../saved_models/vgg19/004/nearest_images_100/123/,1
257,../../saved_models/vgg19/004/nearest_images_100/213/,../../saved_models/vgg19/004/nearest_images_100/221/,1
258,../../saved_models/vgg19/004/nearest_images_100/304/,../../saved_models/vgg19/004/nearest_images_100/556/,-1
259,../../saved_models/vgg19/004/nearest_images_100/849/,../../saved_models/vgg19/004/nearest_images_100/951/,1
260,../../saved_models/vgg19/004/nearest_images_100/597/,../../saved_models/vgg19/004/nearest_images_100/247/,-1
261,../../saved_models/vgg19/004/nearest_images_100/77/,../../saved_models/vgg19/004/nearest_images_100/118/,-1
262,../../saved_models/vgg19/004/nearest_images_100/13/,../../saved_models/vgg19/004/nearest_images_100/49/,1
263,../../saved_models/vgg19/004/nearest_images_100/879/,../../saved_models/vgg19/004/nearest_images_100/721/,0
264,../../saved_models/vgg19/004/nearest_images_100/253/,../../saved_models/vgg19/004/nearest_images_100/799/,1
265,../../saved_models/vgg19/004/nearest_images_100/368/,../../saved_models/vgg19/004/nearest_images_100/876/,1
266,../../saved_models/vgg19/004/nearest_images_100/769/,../../saved_models/vgg19/004/nearest_images_100/984/,1
267,../../saved_models/vgg19/004/nearest_images_100/861/,../../saved_models/vgg19/004/nearest_images_100/287/,-1
268,../../saved_models/vgg19/004/nearest_images_100/664/,../../saved_models/vgg19/004/nearest_images_100/693/,-1
269,../../saved_models/vgg19/004/nearest_images_100/177/,../../saved_models/vgg19/004/nearest_images_100/127/,-1
270,../../saved_models/vgg19/004/nearest_images_100/883/,../../saved_models/vgg19/004/nearest_images_100/649/,1
271,../../saved_models/vgg19/004/nearest_images_100/547/,../../saved_models/vgg19/004/nearest_images_100/431/,-1
272,../../saved_models/vgg19/004/nearest_images_100/869/,../../saved_models/vgg19/004/nearest_images_100/51/,0
273,../../saved_models/vgg19/004/nearest_images_100/521/,../../saved_models/vgg19/004/nearest_images_100/347/,-1
274,../../saved_models/vgg19/004/nearest_images_100/329/,../../saved_models/vgg19/004/nearest_images_100/653/,1
275,../../saved_models/vgg19/004/nearest_images_100/492/,../../saved_models/vgg19/004/nearest_images_100/849/,0
276,../../saved_models/vgg19/004/nearest_images_100/441/,../../saved_models/vgg19/004/nearest_images_100/527/,-1
277,../../saved_models/vgg19/004/nearest_images_100/872/,../../saved_models/vgg19/004/nearest_images_100/586/,-1
278,../../saved_models/vgg19/004/nearest_images_100/717/,../../saved_models/vgg19/004/nearest_images_100/898/,0
279,../../saved_models/vgg19/004/nearest_images_100/914/,../../saved_models/vgg19/004/nearest_images_100/428/,1
280,../../saved_models/vgg19/004/nearest_images_100/452/,../../saved_models/vgg19/004/nearest_images_100/336/,-1
281,../../saved_models/vgg19/004/nearest_images_100/789/,../../saved_models/vgg19/004/nearest_images_100/733/,1
282,../../saved_models/vgg19/004/nearest_images_100/716/,../../saved_models/vgg19/004/nearest_images_100/247/,0
283,../../saved_models/vgg19/004/nearest_images_100/627/,../../saved_models/vgg19/004/nearest_images_100/996/,-1
284,../../saved_models/vgg19/004/nearest_images_100/715/,../../saved_models/vgg19/004/nearest_images_100/766/,0
285,../../saved_models/vgg19/004/nearest_images_100/438/,../../saved_models/vgg19/004/nearest_images_100/848/,0
286,../../saved_models/vgg19/004/nearest_images_100/844/,../../saved_models/vgg19/004/nearest_images_100/786/,-1
287,../../saved_models/vgg19/004/nearest_images_100/242/,../../saved_models/vgg19/004/nearest_images_100/788/,1
288,../../saved_models/vgg19/004/nearest_images_100/675/,../../saved_models/vgg19/004/nearest_images_100/168/,1
289,../../saved_models/vgg19/004/nearest_images_100/8/,../../saved_models/vgg19/004/nearest_images_100/605/,0
290,../../saved_models/vgg19/004/nearest_images_100/670/,../../saved_models/vgg19/004/nearest_images_100/508/,-1
291,../../saved_models/vgg19/004/nearest_images_100/515/,../../saved_models/vgg19/004/nearest_images_100/197/,-1
292,../../saved_models/vgg19/004/nearest_images_100/572/,../../saved_models/vgg19/004/nearest_images_100/642/,0
293,../../saved_models/vgg19/004/nearest_images_100/636/,../../saved_models/vgg19/004/nearest_images_100/138/,1
294,../../saved_models/vgg19/004/nearest_images_100/927/,../../saved_models/vgg19/004/nearest_images_100/759/,-1
295,../../saved_models/vgg19/004/nearest_images_100/63/,../../saved_models/vgg19/004/nearest_images_100/519/,1
296,../../saved_models/vgg19/004/nearest_images_100/950/,../../saved_models/vgg19/004/nearest_images_100/494/,-1
297,../../saved_models/vgg19/004/nearest_images_100/737/,../../saved_models/vgg19/004/nearest_images_100/167/,-1
298,../../saved_models/vgg19/004/nearest_images_100/864/,../../saved_models/vgg19/004/nearest_images_100/629/,-1
299,../../saved_models/vgg19/004/nearest_images_100/208/,../../saved_models/vgg19/004/nearest_images_100/922/,-1
300,../../saved_models/vgg19/004/nearest_images_100/705/,../../saved_models/vgg19/004/nearest_images_100/598/,-1
301,../../saved_models/vgg19/004/nearest_images_100/774/,../../saved_models/vgg19/004/nearest_images_100/396/,-1
302,../../saved_models/vgg19/004/nearest_images_100/840/,../../saved_models/vgg19/004/nearest_images_100/520/,0
303,../../saved_models/vgg19/004/nearest_images_100/707/,../../saved_models/vgg19/004/nearest_images_100/824/,1
304,../../saved_models/vgg19/004/nearest_images_100/523/,../../saved_models/vgg19/004/nearest_images_100/260/,-1
305,../../saved_models/vgg19/004/nearest_images_100/80/,../../saved_models/vgg19/004/nearest_images_100/204/,-1
306,../../saved_models/vgg19/004/nearest_images_100/785/,../../saved_models/vgg19/004/nearest_images_100/943/,1
307,../../saved_models/vgg19/004/nearest_images_100/429/,../../saved_models/vgg19/004/nearest_images_100/577/,-1
308,../../saved_models/vgg19/004/nearest_images_100/451/,../../saved_models/vgg19/004/nearest_images_100/686/,1
309,../../saved_models/vgg19/004/nearest_images_100/810/,../../saved_models/vgg19/004/nearest_images_100/859/,-1
310,../../saved_models/vgg19/004/nearest_images_100/238/,../../saved_models/vgg19/004/nearest_images_100/850/,-1
311,../../saved_models/vgg19/004/nearest_images_100/442/,../../saved_models/vgg19/004/nearest_images_100/121/,-1
312,../../saved_models/vgg19/004/nearest_images_100/574/,../../saved_models/vgg19/004/nearest_images_100/504/,-1
313,../../saved_models/vgg19/004/nearest_images_100/10/,../../saved_models/vgg19/004/nearest_images_100/353/,-1
314,../../saved_models/vgg19/004/nearest_images_100/693/,../../saved_models/vgg19/004/nearest_images_100/865/,1
315,../../saved_models/vgg19/004/nearest_images_100/174/,../../saved_models/vgg19/004/nearest_images_100/993/,0
316,../../saved_models/vgg19/004/nearest_images_100/21/,../../saved_models/vgg19/004/nearest_images_100/210/,-1
317,../../saved_models/vgg19/004/nearest_images_100/134/,../../saved_models/vgg19/004/nearest_images_100/449/,-1
318,../../saved_models/vgg19/004/nearest_images_100/540/,../../saved_models/vgg19/004/nearest_images_100/598/,-1
319,../../saved_models/vgg19/004/nearest_images_100/416/,../../saved_models/vgg19/004/nearest_images_100/812/,1
320,../../saved_models/vgg19/004/nearest_images_100/461/,../../saved_models/vgg19/004/nearest_images_100/326/,-1
321,../../saved_models/vgg19/004/nearest_images_100/646/,../../saved_models/vgg19/004/nearest_images_100/473/,1
322,../../saved_models/vgg19/004/nearest_images_100/870/,../../saved_models/vgg19/004/nearest_images_100/162/,-1
323,../../saved_models/vgg19/004/nearest_images_100/711/,../../saved_models/vgg19/004/nearest_images_100/685/,1
324,../../saved_models/vgg19/004/nearest_images_100/738/,../../saved_models/vgg19/004/nearest_images_100/708/,1
325,../../saved_models/vgg19/004/nearest_images_100/854/,../../saved_models/vgg19/004/nearest_images_100/162/,1
326,../../saved_models/vgg19/004/nearest_images_100/540/,../../saved_models/vgg19/004/nearest_images_100/51/,-1
327,../../saved_models/vgg19/004/nearest_images_100/387/,../../saved_models/vgg19/004/nearest_images_100/354/,-1
328,../../saved_models/vgg19/004/nearest_images_100/60/,../../saved_models/vgg19/004/nearest_images_100/251/,1
329,../../saved_models/vgg19/004/nearest_images_100/51/,../../saved_models/vgg19/004/nearest_images_100/189/,1
330,../../saved_models/vgg19/004/nearest_images_100/158/,../../saved_models/vgg19/004/nearest_images_100/396/,-1
331,../../saved_models/vgg19/004/nearest_images_100/522/,../../saved_models/vgg19/004/nearest_images_100/167/,-1
332,../../saved_models/vgg19/004/nearest_images_100/291/,../../saved_models/vgg19/004/nearest_images_100/413/,1
333,../../saved_models/vgg19/004/nearest_images_100/377/,../../saved_models/vgg19/004/nearest_images_100/325/,-1
334,../../saved_models/vgg19/004/nearest_images_100/143/,../../saved_models/vgg19/004/nearest_images_100/154/,0
335,../../saved_models/vgg19/004/nearest_images_100/813/,../../saved_models/vgg19/004/nearest_images_100/742/,1
336,../../saved_models/vgg19/004/nearest_images_100/273/,../../saved_models/vgg19/004/nearest_images_100/238/,0
337,../../saved_models/vgg19/004/nearest_images_100/456/,../../saved_models/vgg19/004/nearest_images_100/862/,1
338,../../saved_models/vgg19/004/nearest_images_100/426/,../../saved_models/vgg19/004/nearest_images_100/38/,0
339,../../saved_models/vgg19/004/nearest_images_100/121/,../../saved_models/vgg19/004/nearest_images_100/744/,1
340,../../saved_models/vgg19/004/nearest_images_100/108/,../../saved_models/vgg19/004/nearest_images_100/375/,0
341,../../saved_models/vgg19/004/nearest_images_100/610/,../../saved_models/vgg19/004/nearest_images_100/233/,1
342,../../saved_models/vgg19/004/nearest_images_100/859/,../../saved_models/vgg19/004/nearest_images_100/813/,-1
343,../../saved_models/vgg19/004/nearest_images_100/425/,../../saved_models/vgg19/004/nearest_images_100/460/,1
344,../../saved_models/vgg19/004/nearest_images_100/222/,../../saved_models/vgg19/004/nearest_images_100/802/,-1
345,../../saved_models/vgg19/004/nearest_images_100/124/,../../saved_models/vgg19/004/nearest_images_100/114/,0
346,../../saved_models/vgg19/004/nearest_images_100/314/,../../saved_models/vgg19/004/nearest_images_100/264/,-1
347,../../saved_models/vgg19/004/nearest_images_100/474/,../../saved_models/vgg19/004/nearest_images_100/293/,-1
348,../../saved_models/vgg19/004/nearest_images_100/279/,../../saved_models/vgg19/004/nearest_images_100/236/,-1
349,../../saved_models/vgg19/004/nearest_images_100/473/,../../saved_models/vgg19/004/nearest_images_100/439/,1
350,../../saved_models/vgg19/004/nearest_images_100/15/,../../saved_models/vgg19/004/nearest_images_100/633/,1
351,../../saved_models/vgg19/004/nearest_images_100/820/,../../saved_models/vgg19/004/nearest_images_100/970/,1
352,../../saved_models/vgg19/004/nearest_images_100/964/,../../saved_models/vgg19/004/nearest_images_100/566/,1
353,../../saved_models/vgg19/004/nearest_images_100/477/,../../saved_models/vgg19/004/nearest_images_100/165/,1
354,../../saved_models/vgg19/004/nearest_images_100/202/,../../saved_models/vgg19/004/nearest_images_100/955/,1
355,../../saved_models/vgg19/004/nearest_images_100/557/,../../saved_models/vgg19/004/nearest_images_100/358/,-1
356,../../saved_models/vgg19/004/nearest_images_100/694/,../../saved_models/vgg19/004/nearest_images_100/913/,0
357,../../saved_models/vgg19/004/nearest_images_100/454/,../../saved_models/vgg19/004/nearest_images_100/828/,1
358,../../saved_models/vgg19/004/nearest_images_100/673/,../../saved_models/vgg19/004/nearest_images_100/126/,0
359,../../saved_models/vgg19/004/nearest_images_100/804/,../../saved_models/vgg19/004/nearest_images_100/993/,1
360,../../saved_models/vgg19/004/nearest_images_100/369/,../../saved_models/vgg19/004/nearest_images_100/861/,0
361,../../saved_models/vgg19/004/nearest_images_100/869/,../../saved_models/vgg19/004/nearest_images_100/242/,1
362,../../saved_models/vgg19/004/nearest_images_100/340/,../../saved_models/vgg19/004/nearest_images_100/168/,1
363,../../saved_models/vgg19/004/nearest_images_100/167/,../../saved_models/vgg19/004/nearest_images_100/93/,0
364,../../saved_models/vgg19/004/nearest_images_100/863/,../../saved_models/vgg19/004/nearest_images_100/1/,-1
365,../../saved_models/vgg19/004/nearest_images_100/789/,../../saved_models/vgg19/004/nearest_images_100/368/,0
366,../../saved_models/vgg19/004/nearest_images_100/863/,../../saved_models/vgg19/004/nearest_images_100/709/,-1
367,../../saved_models/vgg19/004/nearest_images_100/245/,../../saved_models/vgg19/004/nearest_images_100/135/,0
368,../../saved_models/vgg19/004/nearest_images_100/425/,../../saved_models/vgg19/004/nearest_images_100/450/,1
369,../../saved_models/vgg19/004/nearest_images_100/701/,../../saved_models/vgg19/004/nearest_images_100/452/,1
370,../../saved_models/vgg19/004/nearest_images_100/459/,../../saved_models/vgg19/004/nearest_images_100/16/,-1
371,../../saved_models/vgg19/004/nearest_images_100/661/,../../saved_models/vgg19/004/nearest_images_100/738/,-1
372,../../saved_models/vgg19/004/nearest_images_100/586/,../../saved_models/vgg19/004/nearest_images_100/813/,1
373,../../saved_models/vgg19/004/nearest_images_100/155/,../../saved_models/vgg19/004/nearest_images_100/6/,1
374,../../saved_models/vgg19/004/nearest_images_100/724/,../../saved_models/vgg19/004/nearest_images_100/884/,1
375,../../saved_models/vgg19/004/nearest_images_100/445/,../../saved_models/vgg19/004/nearest_images_100/822/,1
376,../../saved_models/vgg19/004/nearest_images_100/356/,../../saved_models/vgg19/004/nearest_images_100/581/,1
377,../../saved_models/vgg19/004/nearest_images_100/329/,../../saved_models/vgg19/004/nearest_images_100/96/,1
378,../../saved_models/vgg19/004/nearest_images_100/489/,../../saved_models/vgg19/004/nearest_images_100/147/,1
379,../../saved_models/vgg19/004/nearest_images_100/95/,../../saved_models/vgg19/004/nearest_images_100/649/,1
380,../../saved_models/vgg19/004/nearest_images_100/671/,../../saved_models/vgg19/004/nearest_images_100/733/,1
381,../../saved_models/vgg19/004/nearest_images_100/485/,../../saved_models/vgg19/004/nearest_images_100/394/,0
382,../../saved_models/vgg19/004/nearest_images_100/509/,../../saved_models/vgg19/004/nearest_images_100/555/,-1
383,../../saved_models/vgg19/004/nearest_images_100/112/,../../saved_models/vgg19/004/nearest_images_100/775/,1
384,../../saved_models/vgg19/004/nearest_images_100/914/,../../saved_models/vgg19/004/nearest_images_100/228/,0
385,../../saved_models/vgg19/004/nearest_images_100/138/,../../saved_models/vgg19/004/nearest_images_100/420/,-1
386,../../saved_models/vgg19/004/nearest_images_100/453/,../../saved_models/vgg19/004/nearest_images_100/480/,0
387,../../saved_models/vgg19/004/nearest_images_100/433/,../../saved_models/vgg19/004/nearest_images_100/300/,1
388,../../saved_models/vgg19/004/nearest_images_100/453/,../../saved_models/vgg19/004/nearest_images_100/934/,-1
389,../../saved_models/vgg19/004/nearest_images_100/542/,../../saved_models/vgg19/004/nearest_images_100/884/,-1
390,../../saved_models/vgg19/004/nearest_images_100/347/,../../saved_models/vgg19/004/nearest_images_100/486/,0
391,../../saved_models/vgg19/004/nearest_images_100/190/,../../saved_models/vgg19/004/nearest_images_100/289/,1
392,../../saved_models/vgg19/004/nearest_images_100/980/,../../saved_models/vgg19/004/nearest_images_100/741/,1
393,../../saved_models/vgg19/004/nearest_images_100/68/,../../saved_models/vgg19/004/nearest_images_100/504/,1
394,../../saved_models/vgg19/004/nearest_images_100/96/,../../saved_models/vgg19/004/nearest_images_100/13/,0
395,../../saved_models/vgg19/004/nearest_images_100/933/,../../saved_models/vgg19/004/nearest_images_100/732/,-1
396,../../saved_models/vgg19/004/nearest_images_100/296/,../../saved_models/vgg19/004/nearest_images_100/745/,1
397,../../saved_models/vgg19/004/nearest_images_100/265/,../../saved_models/vgg19/004/nearest_images_100/174/,0
398,../../saved_models/vgg19/004/nearest_images_100/556/,../../saved_models/vgg19/004/nearest_images_100/436/,1
399,../../saved_models/vgg19/004/nearest_images_100/757/,../../saved_models/vgg19/004/nearest_images_100/375/,0
400,../../saved_models/vgg19/004/nearest_images_100/674/,../../saved_models/vgg19/004/nearest_images_100/539/,0
401,../../saved_models/vgg19/004/nearest_images_100/622/,../../saved_models/vgg19/004/nearest_images_100/369/,-1
402,../../saved_models/vgg19/004/nearest_images_100/875/,../../saved_models/vgg19/004/nearest_images_100/768/,-1
403,../../saved_models/vgg19/004/nearest_images_100/276/,../../saved_models/vgg19/004/nearest_images_100/807/,1
404,../../saved_models/vgg19/004/nearest_images_100/29/,../../saved_models/vgg19/004/nearest_images_100/889/,0
405,../../saved_models/vgg19/004/nearest_images_100/579/,../../saved_models/vgg19/004/nearest_images_100/342/,-1
406,../../saved_models/vgg19/004/nearest_images_100/290/,../../saved_models/vgg19/004/nearest_images_100/460/,0
407,../../saved_models/vgg19/004/nearest_images_100/95/,../../saved_models/vgg19/004/nearest_images_100/710/,0
408,../../saved_models/vgg19/004/nearest_images_100/594/,../../saved_models/vgg19/004/nearest_images_100/550/,-1
409,../../saved_models/vgg19/004/nearest_images_100/891/,../../saved_models/vgg19/004/nearest_images_100/899/,-1
410,../../saved_models/vgg19/004/nearest_images_100/749/,../../saved_models/vgg19/004/nearest_images_100/571/,1
411,../../saved_models/vgg19/004/nearest_images_100/883/,../../saved_models/vgg19/004/nearest_images_100/231/,1
412,../../saved_models/vgg19/004/nearest_images_100/425/,../../saved_models/vgg19/004/nearest_images_100/256/,1
413,../../saved_models/vgg19/004/nearest_images_100/624/,../../saved_models/vgg19/004/nearest_images_100/96/,1
414,../../saved_models/vgg19/004/nearest_images_100/784/,../../saved_models/vgg19/004/nearest_images_100/782/,0
415,../../saved_models/vgg19/004/nearest_images_100/742/,../../saved_models/vgg19/004/nearest_images_100/417/,-1
416,../../saved_models/vgg19/004/nearest_images_100/636/,../../saved_models/vgg19/004/nearest_images_100/548/,1
417,../../saved_models/vgg19/004/nearest_images_100/669/,../../saved_models/vgg19/004/nearest_images_100/250/,1
418,../../saved_models/vgg19/004/nearest_images_100/347/,../../saved_models/vgg19/004/nearest_images_100/276/,0
419,../../saved_models/vgg19/004/nearest_images_100/396/,../../saved_models/vgg19/004/nearest_images_100/795/,0
420,../../saved_models/vgg19/004/nearest_images_100/175/,../../saved_models/vgg19/004/nearest_images_100/869/,-1
421,../../saved_models/vgg19/004/nearest_images_100/408/,../../saved_models/vgg19/004/nearest_images_100/79/,1
422,../../saved_models/vgg19/004/nearest_images_100/267/,../../saved_models/vgg19/004/nearest_images_100/288/,1
423,../../saved_models/vgg19/004/nearest_images_100/344/,../../saved_models/vgg19/004/nearest_images_100/525/,-1
424,../../saved_models/vgg19/004/nearest_images_100/228/,../../saved_models/vgg19/004/nearest_images_100/523/,1
425,../../saved_models/vgg19/004/nearest_images_100/367/,../../saved_models/vgg19/004/nearest_images_100/643/,1
426,../../saved_models/vgg19/004/nearest_images_100/384/,../../saved_models/vgg19/004/nearest_images_100/348/,1
427,../../saved_models/vgg19/004/nearest_images_100/180/,../../saved_models/vgg19/004/nearest_images_100/705/,0
428,../../saved_models/vgg19/004/nearest_images_100/110/,../../saved_models/vgg19/004/nearest_images_100/531/,1
429,../../saved_models/vgg19/004/nearest_images_100/495/,../../saved_models/vgg19/004/nearest_images_100/122/,-1
430,../../saved_models/vgg19/004/nearest_images_100/654/,../../saved_models/vgg19/004/nearest_images_100/415/,1
431,../../saved_models/vgg19/004/nearest_images_100/832/,../../saved_models/vgg19/004/nearest_images_100/94/,-
432,../../saved_models/vgg19/004/nearest_images_100/791/,../../saved_models/vgg19/004/nearest_images_100/181/,-1
433,../../saved_models/vgg19/004/nearest_images_100/764/,../../saved_models/vgg19/004/nearest_images_100/169/,1
434,../../saved_models/vgg19/004/nearest_images_100/672/,../../saved_models/vgg19/004/nearest_images_100/813/,-1
435,../../saved_models/vgg19/004/nearest_images_100/207/,../../saved_models/vgg19/004/nearest_images_100/254/,-1
436,../../saved_models/vgg19/004/nearest_images_100/663/,../../saved_models/vgg19/004/nearest_images_100/580/,0
437,../../saved_models/vgg19/004/nearest_images_100/8/,../../saved_models/vgg19/004/nearest_images_100/863/,1
438,../../saved_models/vgg19/004/nearest_images_100/349/,../../saved_models/vgg19/004/nearest_images_100/236/,-1
439,../../saved_models/vgg19/004/nearest_images_100/504/,../../saved_models/vgg19/004/nearest_images_100/826/,0
440,../../saved_models/vgg19/004/nearest_images_100/790/,../../saved_models/vgg19/004/nearest_images_100/488/,
441,../../saved_models/vgg19/004/nearest_images_100/191/,../../saved_models/vgg19/004/nearest_images_100/676/,-1
442,../../saved_models/vgg19/004/nearest_images_100/256/,../../saved_models/vgg19/004/nearest_images_100/199/,0
443,../../saved_models/vgg19/004/nearest_images_100/930/,../../saved_models/vgg19/004/nearest_images_100/779/,-1
444,../../saved_models/vgg19/004/nearest_images_100/824/,../../saved_models/vgg19/004/nearest_images_100/215/,-1
445,../../saved_models/vgg19/004/nearest_images_100/867/,../../saved_models/vgg19/004/nearest_images_100/196/,0
446,../../saved_models/vgg19/004/nearest_images_100/433/,../../saved_models/vgg19/004/nearest_images_100/277/,0
447,../../saved_models/vgg19/004/nearest_images_100/295/,../../saved_models/vgg19/004/nearest_images_100/156/,-1
448,../../saved_models/vgg19/004/nearest_images_100/222/,../../saved_models/vgg19/004/nearest_images_100/375/,0
449,../../saved_models/vgg19/004/nearest_images_100/513/,../../saved_models/vgg19/004/nearest_images_100/409/,0
450,../../saved_models/vgg19/004/nearest_images_100/674/,../../saved_models/vgg19/004/nearest_images_100/82/,0
451,../../saved_models/vgg19/004/nearest_images_100/790/,../../saved_models/vgg19/004/nearest_images_100/826/,-1
452,../../saved_models/vgg19/004/nearest_images_100/678/,../../saved_models/vgg19/004/nearest_images_100/109/,1
453,../../saved_models/vgg19/004/nearest_images_100/824/,../../saved_models/vgg19/004/nearest_images_100/935/,-1
454,../../saved_models/vgg19/004/nearest_images_100/989/,../../saved_models/vgg19/004/nearest_images_100/56/,1
455,../../saved_models/vgg19/004/nearest_images_100/663/,../../saved_models/vgg19/004/nearest_images_100/447/,-1
456,../../saved_models/vgg19/004/nearest_images_100/998/,../../saved_models/vgg19/004/nearest_images_100/198/,0
457,../../saved_models/vgg19/004/nearest_images_100/294/,../../saved_models/vgg19/004/nearest_images_100/288/,0
458,../../saved_models/vgg19/004/nearest_images_100/53/,../../saved_models/vgg19/004/nearest_images_100/733/,-1
459,../../saved_models/vgg19/004/nearest_images_100/375/,../../saved_models/vgg19/004/nearest_images_100/386/,0
460,../../saved_models/vgg19/004/nearest_images_100/272/,../../saved_models/vgg19/004/nearest_images_100/795/,-1
461,../../saved_models/vgg19/004/nearest_images_100/956/,../../saved_models/vgg19/004/nearest_images_100/770/,-1
462,../../saved_models/vgg19/004/nearest_images_100/166/,../../saved_models/vgg19/004/nearest_images_100/509/,-1
463,../../saved_models/vgg19/004/nearest_images_100/217/,../../saved_models/vgg19/004/nearest_images_100/501/,-1
464,../../saved_models/vgg19/004/nearest_images_100/497/,../../saved_models/vgg19/004/nearest_images_100/672/,0
465,../../saved_models/vgg19/004/nearest_images_100/677/,../../saved_models/vgg19/004/nearest_images_100/884/,1
466,../../saved_models/vgg19/004/nearest_images_100/604/,../../saved_models/vgg19/004/nearest_images_100/306/,0
467,../../saved_models/vgg19/004/nearest_images_100/786/,../../saved_models/vgg19/004/nearest_images_100/118/,-1
468,../../saved_models/vgg19/004/nearest_images_100/686/,../../saved_models/vgg19/004/nearest_images_100/189/,1
469,../../saved_models/vgg19/004/nearest_images_100/145/,../../saved_models/vgg19/004/nearest_images_100/535/,1
470,../../saved_models/vgg19/004/nearest_images_100/137/,../../saved_models/vgg19/004/nearest_images_100/364/,-1
471,../../saved_models/vgg19/004/nearest_images_100/586/,../../saved_models/vgg19/004/nearest_images_100/256/,1
472,../../saved_models/vgg19/004/nearest_images_100/13/,../../saved_models/vgg19/004/nearest_images_100/593/,-1
473,../../saved_models/vgg19/004/nearest_images_100/573/,../../saved_models/vgg19/004/nearest_images_100/742/,1
474,../../saved_models/vgg19/004/nearest_images_100/238/,../../saved_models/vgg19/004/nearest_images_100/100/,0
475,../../saved_models/vgg19/004/nearest_images_100/619/,../../saved_models/vgg19/004/nearest_images_100/290/,1
476,../../saved_models/vgg19/004/nearest_images_100/946/,../../saved_models/vgg19/004/nearest_images_100/806/,-1
477,../../saved_models/vgg19/004/nearest_images_100/945/,../../saved_models/vgg19/004/nearest_images_100/628/,-1
478,../../saved_models/vgg19/004/nearest_images_100/337/,../../saved_models/vgg19/004/nearest_images_100/437/,1
479,../../saved_models/vgg19/004/nearest_images_100/110/,../../saved_models/vgg19/004/nearest_images_100/480/,1
480,../../saved_models/vgg19/004/nearest_images_100/685/,../../saved_models/vgg19/004/nearest_images_100/348/,0
481,../../saved_models/vgg19/004/nearest_images_100/596/,../../saved_models/vgg19/004/nearest_images_100/751/,1
482,../../saved_models/vgg19/004/nearest_images_100/969/,../../saved_models/vgg19/004/nearest_images_100/300/,-1
483,../../saved_models/vgg19/004/nearest_images_100/425/,../../saved_models/vgg19/004/nearest_images_100/132/,1
484,../../saved_models/vgg19/004/nearest_images_100/88/,../../saved_models/vgg19/004/nearest_images_100/135/,0
485,../../saved_models/vgg19/004/nearest_images_100/266/,../../saved_models/vgg19/004/nearest_images_100/471/,1
486,../../saved_models/vgg19/004/nearest_images_100/981/,../../saved_models/vgg19/004/nearest_images_100/524/,0
487,../../saved_models/vgg19/004/nearest_images_100/63/,../../saved_models/vgg19/004/nearest_images_100/320/,1
488,../../saved_models/vgg19/004/nearest_images_100/373/,../../saved_models/vgg19/004/nearest_images_100/362/,-1
489,../../saved_models/vgg19/004/nearest_images_100/991/,../../saved_models/vgg19/004/nearest_images_100/499/,0
490,../../saved_models/vgg19/004/nearest_images_100/274/,../../saved_models/vgg19/004/nearest_images_100/879/,1
491,../../saved_models/vgg19/004/nearest_images_100/720/,../../saved_models/vgg19/004/nearest_images_100/565/,0
492,../../saved_models/vgg19/004/nearest_images_100/997/,../../saved_models/vgg19/004/nearest_images_100/413/,1
493,../../saved_models/vgg19/004/nearest_images_100/913/,../../saved_models/vgg19/004/nearest_images_100/546/,1
494,../../saved_models/vgg19/004/nearest_images_100/184/,../../saved_models/vgg19/004/nearest_images_100/928/,1
495,../../saved_models/vgg19/004/nearest_images_100/413/,../../saved_models/vgg19/004/nearest_images_100/714/,-1
496,../../saved_models/vgg19/004/nearest_images_100/788/,../../saved_models/vgg19/004/nearest_images_100/971/,1
497,../../saved_models/vgg19/004/nearest_images_100/387/,../../saved_models/vgg19/004/nearest_images_100/230/,0
498,../../saved_models/vgg19/004/nearest_images_100/399/,../../saved_models/vgg19/004/nearest_images_100/986/,1
499,../../saved_models/vgg19/004/nearest_images_100/615/,../../saved_models/vgg19/004/nearest_images_100/691/,1
